
--TUAN 01--

---BAI TAP 01---
-- CAU I.1-----------------------------------------------
CREATE DATABASE QuanLyBanHang
GO 
USE QuanLyBanHang

SET DATEFORMAT DMY

--TAO BANG KHACH HANG

CREATE TABLE KHACHHANG
(
	MAKH char(4) NOT NULL,
	HOTEN varchar(40),
	DCHI varchar(50),
	SODT varchar(20),
	NGSINH smalldatetime,
	NGDK smalldatetime,
	DOANHSO money
)

--TAO BANG NHANVIEN
CREATE TABLE NHANVIEN
(
	MANV char(4) NOT NULL,
	HOTEN varchar(40),
	SODT varchar(20),
	NGVL smalldatetime
)

--TAO BANG SANPHAM
CREATE TABLE SANPHAM
(
	MASP char(4) NOT NULL,
	TENSP varchar(40),
	DVT varchar(20),
	NUOCSX varchar(40),
	GIA money
)

--TAO BANG HOADON
CREATE TABLE HOADON
(
	SOHD int NOT NULL,
	NGHD smalldatetime,
	MAKH char(4),
	MANV char(4),
	GIATRI money
)

--TAO BANG CTHD

CREATE TABLE CTHD
(
	SOHD int NOT NULL,
	MASP char(4) NOT NULL,
	SL int
)

--TAO KHOA CHINH

ALTER TABLE KHACHHANG 
ADD CONSTRAINT PK_KH PRIMARY KEY (MAKH)

ALTER TABLE NHANVIEN 
ADD CONSTRAINT PK_NV PRIMARY KEY (MANV)

ALTER TABLE SANPHAM 
ADD CONSTRAINT PK_PS PRIMARY KEY (MASP)

ALTER TABLE HOADON 
ADD CONSTRAINT PK_HD PRIMARY KEY (SOHD)

ALTER TABLE CTHD 
ADD CONSTRAINT PK_CTHD PRIMARY KEY (SOHD,MASP)

--TAO KHOA NGOAI

ALTER TABLE HOADON 
ADD CONSTRAINT FK_HD_KH FOREIGN KEY (MAKH) REFERENCES KHACHHANG(MAKH),
	CONSTRAINT FK_HD_NV FOREIGN KEY (MANV) REFERENCES NHANVIEN(MANV)

ALTER TABLE CTHD 
ADD CONSTRAINT FK_CTHD_SHD FOREIGN KEY (SOHD) REFERENCES HOADON(SOHD),
	CONSTRAINT FK_CTHD_MSP FOREIGN KEY (MASP) REFERENCES SANPHAM(MASP)

--XOA BANG 

DROP TABLE KHACHHANG
DROP TABLE HOADON
DROP TABLE CTHD
DROP TABLE NHANVIEN
DROP TABLE SANPHAM

--THEM THUOC TINH VAO BANG

--CAU I.2 THEM THUOC TINH -----------------------------------------------
ALTER TABLE SANPHAM 
ADD GHICHU varchar(20)

--CAU I.3 THEM THUOC TINH-----------------------------------------------
ALTER TABLE KHACHHANG 
ADD LOAIKH tinyint 

--CAU I.4 SUA KIEU DU LIEU CUA THUOC TINH-----------------------------------------------
ALTER TABLE SANPHAM 
ALTER COLUMN GHICHU varchar(100) 

--CAU I.5 XOA THUOC THUOC TINH-----------------------------------------------
--XOA COLUMN TRONG TABLE
ALTER TABLE SANPHAM 
DROP COLUMN GHICHU 

--CAU I.6 CACH GIAI QUYET -> THAY DOI KIEU DU LIEU-----------------------------------------------
ALTER TABLE KHACHHANG
ALTER COLUMN LOAIKH varchar(20)

--CAU I.7+I.8 DUNG RANG BUOC CHECK CHO THUOC TINH DVT-----------------------------------------------
ALTER TABLE SANPHAM 
ADD CONSTRAINT CK_DVT 
	CHECK (DVT IN('cay','hop','cai','quyen','chuc')),
	CONSTRAINT CK_GIA 
	CHECK (GIA >= 500)

--CAU I.9 DUNG RANG BUOC CHECK CHO THUOC TINH SL-----------------------------------------------
ALTER TABLE CTHD 
ADD CONSTRAINT CK_CTHD 
CHECK (SL >= 1)

--CAU I.10 DUNG RANG BUOC CHECK CHO THUOC TINH NGDK-----------------------------------------------
ALTER TABLE KHACHHANG 
ADD CONSTRAINT CK_KH 
CHECK (NGDK > NGSINH)



----------------------------------------------------------------------------------------------------------------------------------------------







--TUAN 02--


--BAI TAP 01 

--CAU II.1-----------------------------------------------

--NHAP DATA VAO TABLE NHANVIEN

--INSERT INTO NHANVIEN(MANV,HOTEN,NGVL,SODT) VALUES('NV01','Nguyen Nhu Nhut','13-4-2006','0927345678')
INSERT INTO NHANVIEN VALUES('NV01','Nguyen Nhu Nhut','0927345678','13/4/2006')
INSERT INTO NHANVIEN VALUES('NV02','Le Thi Phi Yen','0987567390','21/4/2006')
INSERT INTO NHANVIEN VALUES('NV03','Nguyen Van B','0997047382','27/4/2006')
INSERT INTO NHANVIEN VALUES('NV04','Ngo Thanh Tuan','0913758498','24/6/2006')
INSERT INTO NHANVIEN VALUES('NV05','Nguyen Thi Truc Thanh','0918590387','20/7/2006')

SELECT *FROM NHANVIEN

--NHAP DATA VAO TABLE KHACHHANG
INSERT INTO KHACHHANG VALUES('KH01','Nguyen Van A','731, Tran Hung Dao, Q5, TpHCM','08823451','22/10/1960','22/07/2006',13060000,'Vip')
INSERT INTO KHACHHANG VALUES('KH02','Tran Ngoc Han','23/5, Nguyen Trai, Q5, TpHCM','0908256478','3/4/1974','30/07/2006',280000,'Vang Lai')
INSERT INTO KHACHHANG VALUES('KH03','Tran Ngoc Linh','45, Nguyen Canh Chan, Q1, TpHCM','0938776266','12/6/1980','05/08/2006',38600000,'Vip')
INSERT INTO KHACHHANG VALUES('KH04','Tran Minh Long','50/34, Le Dai Hanh, Q10, TpHCM','0917325476','9/3/1965','02/10/2006',250000 ,'Thuong Xuyen')
INSERT INTO KHACHHANG VALUES('KH05','Le Nhat Minh','34, Truong Dinh, Q3, TpHCM','08246108','10/3/1950','28/10/2006',21000,'Vang Lai')
INSERT INTO KHACHHANG VALUES('KH06','Le Hoai Thuong','227, Nguyen Van Cu, Q5, TpHCM','08631738','31/12/1981','24/11/2006',915000,'Thuong Xuyen')
INSERT INTO KHACHHANG VALUES('KH07','Nguyen Van Tam','32/3, Tran Binh Trong, Q5, TpHCM','0916783565','6/4/1971','01/12/2006',12500,'Vang Lai')
INSERT INTO KHACHHANG VALUES('KH08','Phan Thi Thanh','45/2, An Duong Vuong, Q5, TpHCM','0938435756','10/1/1971','13/12/2006',365000,'Thuong Xuyen')
INSERT INTO KHACHHANG VALUES('KH09','Le Ha Vinh','873, Le Hong Phong, Q5, TpHCM','08654763',' 3/9/1979','14/01/2007',70000,'Vang Lai')
INSERT INTO KHACHHANG VALUES('KH10','Ha Duy Lap','34/34B, Nguyen Trai, Q1, TpHCM','08768904','2/5/1983','16/01/2007', 67500,'Vang Lai')

SELECT *FROM KHACHHANG

--NHAP DATA VAO TABLE SANPHAM
INSERT INTO SANPHAM VALUES('BC01','But Chi','Cay','Singapore',3000)
INSERT INTO SANPHAM VALUES('BC02','But Chi','Cay','Singapore',5000)
INSERT INTO SANPHAM VALUES('BC03','But Chi','Cay','Viet Nam',3500)
INSERT INTO SANPHAM VALUES('BC04','But Chi','Hop','Viet Nam',30000)
INSERT INTO SANPHAM VALUES('BB01','But bi','Cay','Viet Nam',5000)
INSERT INTO SANPHAM VALUES('BB02','But bi','Cay','Trung Quoc',7000)
INSERT INTO SANPHAM VALUES('BB03','But bi','Hop','Thai Lan',100000)
INSERT INTO SANPHAM VALUES('TV01','Tap 100 giay mong','Quyen','Trung Quoc',2500)
INSERT INTO SANPHAM VALUES('TV02','Tap 200 giay mong','Quyen','Trung Quoc',4500)
INSERT INTO SANPHAM VALUES('TV03','Tap 100 giay tot','Quyen','Viet Nam',3000)
INSERT INTO SANPHAM VALUES('TV04','Tap 200 giay tot','Quyen','Viet Nam',5500)
INSERT INTO SANPHAM VALUES('TV05','Tap 100 trang','Chuc','Viet Nam',23000)
INSERT INTO SANPHAM VALUES('TV06','Tap 200 trang','Chuc','Viet Nam',53000)
INSERT INTO SANPHAM VALUES('TV07','Tap 100 trang','Chuc','Trung Quoc',34000)
INSERT INTO SANPHAM VALUES('ST01','So tay 500 trang','Quyen','Trung Quoc',40000)
INSERT INTO SANPHAM VALUES('ST02','So tay loai 1','Quyen','Viet Nam',55000)
INSERT INTO SANPHAM VALUES('ST03','So tay loai 2','Quyen','Viet Nam',51000)
INSERT INTO SANPHAM VALUES('ST04','So tay','Quyen','Thai Lan',55000)
INSERT INTO SANPHAM VALUES('ST05','So tay mong','Quyen','Thai Lan',20000)
INSERT INTO SANPHAM VALUES('ST06','Phan viet bang','Hop','Viet Nam',5000)
INSERT INTO SANPHAM VALUES('ST07','Phan khong bui','Hop','Viet Nam',7000)
INSERT INTO SANPHAM VALUES('ST08','Bong bang','Cai','Viet Nam',1000)
INSERT INTO SANPHAM VALUES('ST09','But long','Cay','Viet Nam',5000) 
INSERT INTO SANPHAM VALUES('ST10','But long','Cay','Trung Quoc',7000)

SELECT *FROM SANPHAM

--NHAP DATA VAO TABLE HOADON
INSERT INTO HOADON VALUES('1001','23/07/2006','KH01','NV01','320000')
INSERT INTO HOADON VALUES('1002','12/08/2006','KH01','NV02','840000')
INSERT INTO HOADON VALUES('1003','23/08/2006','KH02','NV01','100000')
INSERT INTO HOADON VALUES('1004','01/09/2006','KH02','NV01','180000')
INSERT INTO HOADON VALUES('1005','20/10/2006','KH01','NV02','3800000')
INSERT INTO HOADON VALUES('1006','16/10/2006','KH01','NV03','2430000')
INSERT INTO HOADON VALUES('1007','28/10/2006','KH03','NV03','510000')
INSERT INTO HOADON VALUES('1008','28/10/2006','KH01','NV03','440000')
INSERT INTO HOADON VALUES('1009','28/10/2006','KH03','NV04','200000')
INSERT INTO HOADON VALUES('1010','01/11/2006','KH01','NV01','5200000')
INSERT INTO HOADON VALUES('1011','04/11/2006','KH04','NV03','250000')
INSERT INTO HOADON VALUES('1012','30/11/2006','KH05','NV03','21000')
INSERT INTO HOADON VALUES('1013','12/12/2006','KH06','NV01','5000')
INSERT INTO HOADON VALUES('1014','31/12/2006','KH03','NV02','3150000')
INSERT INTO HOADON VALUES('1015','01/01/2007','KH06','NV01','910000')
INSERT INTO HOADON VALUES('1016','01/01/2007','KH07','NV02','12500')
INSERT INTO HOADON VALUES('1017','02/01/2007','KH08','NV03','35000')
INSERT INTO HOADON VALUES('1018','13/01/2007','KH08','NV03','330000')
INSERT INTO HOADON VALUES('1019','13/01/2007','KH01','NV03','30000')
INSERT INTO HOADON VALUES('1020','14/01/2007','KH09','NV04','70000')
INSERT INTO HOADON VALUES('1021','16/01/2007','KH10','NV03','67500')
INSERT INTO HOADON VALUES('1022','16/01/2007',Null,'NV03','7000')
INSERT INTO HOADON VALUES('1023','17/01/2007',Null,'NV01','330000')

SELECT *FROM HOADON

--NHAP DATA VAO TABLE CTHD
INSERT INTO CTHD VALUES (1001,'TV02',10)
INSERT INTO CTHD VALUES (1001,'ST01',5)
INSERT INTO CTHD VALUES (1001,'BC01',5)
INSERT INTO CTHD VALUES (1001,'BC02',10)
INSERT INTO CTHD VALUES (1001,'ST08',10)
INSERT INTO CTHD VALUES (1002,'BC04',20)
INSERT INTO CTHD VALUES (1002,'BB01',20)
INSERT INTO CTHD VALUES (1002,'BB02',20)
INSERT INTO CTHD VALUES (1003,'BB03',10)
INSERT INTO CTHD VALUES (1004,'TV01',20)
INSERT INTO CTHD VALUES (1004,'TV02',10)
INSERT INTO CTHD VALUES (1004,'TV03',10)
INSERT INTO CTHD VALUES (1004,'TV04',10)
INSERT INTO CTHD VALUES (1005,'TV05',50)
INSERT INTO CTHD VALUES (1005,'TV06',50)
INSERT INTO CTHD VALUES (1006,'TV07',20)
INSERT INTO CTHD VALUES (1006,'ST01',30)
INSERT INTO CTHD VALUES (1006,'ST02',10)
INSERT INTO CTHD VALUES (1007,'ST03',10)
INSERT INTO CTHD VALUES (1008,'ST04',8)
INSERT INTO CTHD VALUES (1009,'ST05',10)
INSERT INTO CTHD VALUES (1010,'TV07',50)
INSERT INTO CTHD VALUES (1010,'ST07',50)
INSERT INTO CTHD VALUES (1010,'ST08',100)
INSERT INTO CTHD VALUES (1010,'ST04',50)
INSERT INTO CTHD VALUES (1010,'TV03',100)
INSERT INTO CTHD VALUES (1011,'ST06',50)
INSERT INTO CTHD VALUES (1012,'ST07',3)
INSERT INTO CTHD VALUES (1013,'ST08',5)
INSERT INTO CTHD VALUES (1014,'BC02',80)
INSERT INTO CTHD VALUES (1014,'BB02',100)
INSERT INTO CTHD VALUES (1014,'BC04',60)
INSERT INTO CTHD VALUES (1014,'BB01',50)
INSERT INTO CTHD VALUES (1015,'BB02',30)
INSERT INTO CTHD VALUES (1015,'BB03',7)
INSERT INTO CTHD VALUES (1016,'TV01',5)
INSERT INTO CTHD VALUES (1017,'TV02',1)
INSERT INTO CTHD VALUES (1017,'TV03',1)
INSERT INTO CTHD VALUES (1017,'TV04',5)
INSERT INTO CTHD VALUES (1018,'ST04',6)
INSERT INTO CTHD VALUES (1019,'ST05',1)
INSERT INTO CTHD VALUES (1019,'ST06',2)
INSERT INTO CTHD VALUES (1020,'ST07',10)
INSERT INTO CTHD VALUES (1021,'ST08',5)
INSERT INTO CTHD VALUES (1021,'TV01',7)
INSERT INTO CTHD VALUES (1021,'TV02',10)
INSERT INTO CTHD VALUES (1022,'ST07',1)
INSERT INTO CTHD VALUES (1023,'ST04',6)

SELECT *FROM CTHD 


--BAI TAP 03

--CAU II.2-----------------------------------------------
--LENH SAO CHEP MOT BANG DU LIEU 

SELECT *INTO SANPHAM1 
FROM SANPHAM 

SELECT *INTO KHACHHANG1 
FROM KHACHHANG 

--CAU II.3-----------------------------------------------
--LENH UPDATE 

UPDATE SANPHAM1 
SET GIA = GIA*1.05
WHERE NUOCSX = 'Thai Lan'

--CAU II.4-----------------------------------------------
--LENH UPDATE 

UPDATE SANPHAM1 
SET GIA = GIA*0.95
WHERE NUOCSX = 'Trung Quoc' 
	AND GIA <= 10000

--CAU II.5-----------------------------------------------
--LENH UPDATE

UPDATE KHACHHANG1 
SET LOAIKH = 'Vip'
WHERE (NGDK < '1/1/2007' AND DOANHSO >= 10000000) 
	OR (NGDK > '1/1/2007' AND DOANHSO >= 2000000)



----------------------------------------------------------------------------------------------------------------------------------------------





--TUAN 03--

---BAI TAP 01---

-- CAU III.12-----------------------------------------------
SELECT DISTINCT SOHD 
FROM CTHD
WHERE SL >= 10
	AND SL <= 20
	AND MASP IN ('BB01','BB02')

-- CAU III.13-----------------------------------------------
SELECT DISTINCT SOHD
FROM CTHD 
WHERE MASP = 'BB01'
	AND SL BETWEEN 10 AND 20

INTERSECT

SELECT DISTINCT SOHD
FROM CTHD 
WHERE MASP = 'BB02'
	AND SL BETWEEN 10 AND 20

---BAI TAP 04---

-- CAU III.14-----------------------------------------------
SELECT DISTINCT SANPHAM.MASP,SANPHAM.TENSP
FROM HOADON JOIN CTHD 
ON CTHD.SOHD = HOADON.SOHD 
JOIN SANPHAM  
ON SANPHAM.MASP = CTHD.MASP
WHERE NUOCSX = 'Trung Quoc' 
	OR NGHD = '01/01/2007'

-- CAU III.15-----------------------------------------------
--Cach 1
SELECT SANPHAM.MASP,TENSP
FROM SANPHAM
EXCEPT
SELECT SANPHAM.MASP,TENSP
FROM CTHD JOIN SANPHAM 
ON SANPHAM.MASP = CTHD.MASP

--Cach 2
SELECT SANPHAM.MASP,TENSP
FROM SANPHAM
WHERE NOT EXISTS (SELECT *
				FROM CTHD 
				WHERE SANPHAM.MASP = CTHD.MASP)

-- CAU III.16-----------------------------------------------
SELECT SANPHAM.MASP,TENSP
FROM SANPHAM
EXCEPT
SELECT SANPHAM.MASP,TENSP
FROM CTHD JOIN SANPHAM 
ON SANPHAM.MASP = CTHD.MASP
JOIN HOADON 
ON HOADON.SOHD = CTHD.SOHD
WHERE YEAR(NGHD) = 2006

-- CAU III.17-----------------------------------------------
SELECT SANPHAM.MASP,TENSP
FROM SANPHAM
WHERE NUOCSX = 'Trung Quoc'
EXCEPT
SELECT SANPHAM.MASP,TENSP
FROM CTHD JOIN SANPHAM 
ON SANPHAM.MASP = CTHD.MASP
JOIN HOADON 
ON HOADON.SOHD = CTHD.SOHD
WHERE YEAR(NGHD) = 2006

-- CAU III.18-----------------------------------------------
SELECT SOHD
FROM HOADON
WHERE NOT EXISTS (SELECT * 
				FROM SANPHAM 
				WHERE NUOCSX = 'Singapore' 
				AND NOT EXISTS (SELECT * 
								FROM CTHD 
								WHERE HOADON.SOHD=CTHD.SOHD 
								AND CTHD.MASP=SANPHAM.MASP))
													

-- CAU III.19-----------------------------------------------
SELECT SOHD
FROM HOADON
WHERE YEAR(NGHD) = 2006 
AND NOT EXISTS (SELECT * 
				FROM SANPHAM 
				WHERE NUOCSX = 'Singapore' 
				AND NOT EXISTS (SELECT * 
								FROM CTHD 
								WHERE HOADON.SOHD=CTHD.SOHD 
								AND CTHD.MASP=SANPHAM.MASP))




----------------------------------------------------------------------------------------------------------------------------------------------





--TUAN 04--

---BAI TAP 01---

-- CAU III.20-----------------------------------------------
SELECT COUNT(SOHD) AS 'KET QUA'
FROM CTHD
WHERE SOHD IN (SELECT SOHD
				FROM HOADON
				EXCEPT
				SELECT SOHD 
				FROM HOADON
				WHERE MAKH  IN (SELECT MAKH 
								FROM KHACHHANG))

-- CAU III.21-----------------------------------------------
SELECT COUNT(DISTINCT MASP) AS 'SO SP KHAC NHAU'
FROM SANPHAM
WHERE MASP IN (SELECT DISTINCT MASP 
				FROM CTHD
				WHERE SOHD IN (SELECT DISTINCT SOHD
								FROM HOADON
								WHERE YEAR(NGHD) = 2006))

-- CAU III.22-----------------------------------------------
SELECT MAX(GIATRI) AS 'MAX', MIN(GIATRI) AS 'MIN'
FROM HOADON

-- CAU III.23-----------------------------------------------
SELECT AVG(GIATRI) AS 'GIA TRI TRUNG BINH HOA DON 2006'
FROM HOADON 

-- CAU III.24-----------------------------------------------
SELECT SUM(GIATRI) AS 'DOANH THU 2006'
FROM HOADON

-- CAU III.25-----------------------------------------------
SELECT SOHD 
FROM HOADON
WHERE YEAR(NGHD) = 2006
	AND GIATRI = (SELECT MAX(GIATRI)
					FROM HOADON
					WHERE YEAR(NGHD) = 2006)

-- CAU III.26-----------------------------------------------
SELECT HOTEN 
FROM KHACHHANG 
WHERE MAKH IN (SELECT MAKH
				FROM HOADON
				WHERE YEAR(NGHD) = 2006
					AND GIATRI = (SELECT MAX(GIATRI)
									FROM HOADON
									WHERE YEAR(NGHD) = 2006))

-- CAU III.27-----------------------------------------------
SELECT TOP 3 MAKH, HOTEN
FROM KHACHHANG
ORDER BY DOANHSO DESC

-- CAU III.28-----------------------------------------------
SELECT MASP, TENSP
FROM SANPHAM
WHERE GIA IN (SELECT DISTINCT TOP 3 GIA
			  FROM SANPHAM
			  ORDER BY GIA DESC)

-- CAU III.29-----------------------------------------------
SELECT MASP, TENSP
FROM SANPHAM
WHERE NUOCSX = 'Thai Lan'
	AND GIA IN (SELECT DISTINCT TOP 3 GIA
				FROM SANPHAM
				ORDER BY GIA DESC)

-- CAU III.30-----------------------------------------------
SELECT MASP, TENSP
FROM SANPHAM
WHERE NUOCSX = 'Trung Quoc'
	AND GIA IN (SELECT DISTINCT TOP 3 GIA
				  FROM SANPHAM
				  WHERE NUOCSX = 'Trung Quoc'
				  ORDER BY GIA DESC)

---BAI TAP 03---

-- CAU III.31-----------------------------------------------
SELECT MAKH, HOTEN, DOANHSO 
FROM KHACHHANG 
WHERE DOANHSO IN (SELECT TOP 3 DOANHSO
					FROM KHACHHANG 
					ORDER BY DOANHSO DESC)
ORDER BY DOANHSO DESC

-- CAU III.32-----------------------------------------------
SELECT COUNT(MASP)
FROM SANPHAM
WHERE MASP IN (SELECT MASP
				FROM SANPHAM
				WHERE NUOCSX = 'Trung Quoc')

-- CAU III.33-----------------------------------------------
SELECT NUOCSX, COUNT(DISTINCT MASP) AS TONGSOSANPHAM
FROM SANPHAM
GROUP BY NUOCSX

-- CAU III.34-----------------------------------------------
SELECT NUOCSX, MAX(GIA) AS 'MAX', MIN(GIA) AS'MIN', AVG(GIA) AS GIATRUNGBINH
FROM SANPHAM
GROUP BY NUOCSX

-- CAU III.35-----------------------------------------------
SELECT NGHD, SUM(GIATRI) AS 'DOANH THU MOI NGAY'
FROM HOADON
GROUP BY NGHD

-- CAU III.36-----------------------------------------------
SELECT MASP, SUM(SL) AS TONGSLSP
FROM CTHD 
WHERE SOHD IN (SELECT SOHD
				FROM HOADON
				WHERE MONTH(NGHD) = 10 
					AND YEAR(NGHD) = 2006)
GROUP BY MASP

-- CAU III.37-----------------------------------------------
SELECT MONTH(NGHD) AS THANG, SUM(GIATRI) AS DOANHTHU
FROM HOADON 
WHERE YEAR(NGHD) = 2006
GROUP BY MONTH(NGHD)

-- CAU III.38-----------------------------------------------
SELECT SOHD
FROM CTHD
GROUP BY SOHD
HAVING COUNT(MASP) > 3

-- CAU III.39-----------------------------------------------
SELECT SOHD
FROM CTHD
WHERE MASP IN (SELECT MASP
				FROM SANPHAM
				WHERE NUOCSX = 'Viet Nam')
GROUP BY SOHD
HAVING COUNT(MASP) = 3

-- CAU III.40-----------------------------------------------
SELECT MAKH, HOTEN
FROM KHACHHANG
WHERE MAKH = (SELECT TOP 1 MAKH
				FROM HOADON
				GROUP BY MAKH
				ORDER BY COUNT(DISTINCT SOHD) DESC)

-- CAU III.41-----------------------------------------------
SELECT TOP 1 MONTH(NGHD) AS 'THANG DOANH SO MAX'
FROM HOADON
WHERE YEAR(NGHD) = 2006
GROUP BY MONTH(NGHD)
ORDER BY SUM(GIATRI) DESC

-- CAU III.42-----------------------------------------------
SELECT MASP, TENSP
FROM SANPHAM
WHERE MASP = (SELECT TOP 1 MASP
				FROM CTHD
				WHERE SOHD IN (SELECT SOHD
								FROM HOADON
								WHERE YEAR(NGHD) = 2006)
				GROUP BY MASP
				ORDER BY SUM(SL) ASC)

-- CAU III.43-----------------------------------------------
-- DAU TIEN TIM MAX GIA CUA NUOCSX
SELECT NUOCSX, MAX(GIA) AS MAX
FROM SANPHAM
GROUP BY NUOCSX

-- SAU DO DAT TEN BANG VUA ROI LA B, ROI THUC HIEN KET TRAI. OI HK THANH' VAI~ :))

SELECT B.NUOCSX, MASP, TENSP
FROM (SELECT NUOCSX, MAX(GIA) AS MAX
		FROM SANPHAM
		GROUP BY NUOCSX) AS B LEFT JOIN SANPHAM S 
ON S.GIA = B.MAX 
WHERE B.NUOCSX = S.NUOCSX

-- CAU III.44-----------------------------------------------
SELECT NUOCSX 
FROM SANPHAM 
GROUP BY NUOCSX
HAVING COUNT(DISTINCT GIA) > 2

-- CAU III.45-----------------------------------------------
--TOP 10 KHACH HANG CO DOANH SO CAO NHAT
SELECT * 
FROM KHACHHANG
WHERE MAKH IN (SELECT TOP 1 MAKH --, COUNT(MAKH) AS SOLANMUA
				FROM HOADON
				WHERE MAKH IN (SELECT TOP 10 MAKH --,SUM(GIATRI) AS DOANHSO
								FROM HOADON 
								GROUP BY MAKH
								ORDER BY SUM(GIATRI) DESC)
				GROUP BY MAKH
				ORDER BY COUNT(MAKH) DESC)



----------------------------------------------------------------------------------------------------------------------------------------------






--TUAN 05--

---BAI TAP 01---

CREATE TRIGGER TRG_INS_HD ON HOADON
FOR INSERT
AS
BEGIN
	--CAU I.11-----------------------------------------------
	-- KHAI BAO CAC BIEN
	DECLARE @NGAYHD SMALLDATETIME, @MaKH CHAR(4), @NGAYDK SMALLDATETIME
	-- LAY THONG TIN CUA HOA DON VUA MOI THEM VAO
	SELECT @NGAYHD = NGHD, @MaKH = MAKH
	FROM INSERTED
	-- LAY THONG TIN KHACH HANG TUONG UNG 
	SELECT @NGAYDK = NGDK
	FROM KHACHHANG
	WHERE MAKH = @MaKH
	-- SO SANH
	IF (@NGAYHD < @NGAYDK) -- NEU NGAY HOA DON NHO HON DANG KY THANH VIEN
	BEGIN
		PRINT 'LOI: NGAY HOA DON KHONG HOP LE 11'
		ROLLBACK TRANSACTION
	END
	ELSE
	BEGIN
		PRINT 'THEM MOI MOT HOA DON THANH CONG 11'
	END

	--CAU I.12-----------------------------------------------
	-- KHAI BAO CAC BIEN
	DECLARE @NGAYVL SMALLDATETIME, @MaNV CHAR(4)
	-- LAY THONG TIN CUA HOA DON VUA MOI THEM VAO
	SELECT @MaNV = MANV
	FROM INSERTED
	-- LAY THONG TIN NHAN VIEN TUONG UNG
	SELECT @NGAYVL = NGVL
	FROM NHANVIEN
	WHERE MANV = @MaNV
	-- SO SANH
	IF (@NGAYHD < @NGAYVL)
	BEGIN
		PRINT 'LOI: NGAY HOA DON KHONG HOP LE 12'
		ROLLBACK TRANSACTION
	END
	ELSE
	BEGIN
		PRINT 'THEM MOI MOT HOA DON THANH CONG 12'
	END

	--CAU I.13-----------------------------------------------
	DECLARE @SoLuongCTHD INT = 0, @SoHD INT
	SELECT @SoHD = SOHD
	FROM INSERTED
	--DEM SO LUONG CTHD CUA MOI HOA DON
	SELECT @SoLuongCTHD = COUNT(SOHD)
	FROM CTHD
	WHERE @SoHD = SOHD
	GROUP BY SOHD
	-- SO SANH
	IF (@SoLuongCTHD < 1)
	BEGIN
		PRINT 'LOI: HOA DON KHONG HOP LE 13'
		ROLLBACK TRANSACTION
	END
	ELSE
	BEGIN
		PRINT 'THEM MOI MOT HOA DON THANH CONG 13'
	END
END

--CAU I.14-----------------------------------------------
CREATE TRIGGER TRG_INS_CTHD ON CTHD
FOR INSERT 
AS
BEGIN
	DECLARE @SoHD INT, @MaSP CHAR(4), @SoLuong INT, @TriGia MONEY
	--LAY THONG TIN CUA CTHD VUA MOI THEM VAO
	SELECT @SoHD = SOHD, @MaSP = MASP , @SoLuong = SL
	FROM INSERTED
	--TINH TRI GIA CUA SAN PHAM MOI THEM VAO HOADON
	SET @TriGia = @SoLuong * (SELECT GIA 
								FROM SANPHAM 
								WHERE MASP = @MaSP)
	--KHAI BAO MOT CURSOR DUYET QUA TAT CA CAC CTHD DA CO SAN TRONG HOADON
	DECLARE CUR_CTHD CURSOR 
	FOR
		SELECT MASP, SL
		FROM CTHD
		WHERE SOHD = @SoHD
	OPEN CUR_CTHD
	FETCH NEXT FROM CUR_CTHD
	INTO @MaSP, @SoLuong

	WHILE (@@FETCH_STATUS = 0)
	BEGIN
		--CONG DON TRI GIA CUA TUNG SAN PHAM VAO BIEN TriGia
		SET @TriGia = @TriGia + @SoLuong * (SELECT GIA 
											FROM SANPHAM 
											WHERE MASP = @MaSP)
		FETCH NEXT FROM CUR_CTHD
		INTO @MaSP, @SoLuong
	END
	CLOSE CUR_CTHD
	DEALLOCATE CUR_CTHD
	--TIEN HANH CAP NHAT LAI TRI GIA HOADON
	UPDATE HOADON 
	SET GIATRI = @TriGia
	WHERE SOHD = @SoHD
END 

SELECT *FROM HOADON


